PC1,PC2,distance,SMILES
-1.3176031516846267,2.175599905312015,0.610668635,c1ccc(C2=NC(c3ccccc3)(n3c(-c4ccccc4)nc(-c4ccccc4)c3-c3ccccc3)N=C2c2ccccc2)cc1
-1.9054612142395766,2.0021740769016048,0.916251446,Cc1ccc(C2=NC(c3ccccc3)(n3c(-c4ccccc4)nc(-c4ccc(C)cc4)c3-c3ccc(C)cc3)N=C2c2ccc(C)cc2)cc1
-2.6223208779628613,1.6326277151340962,1.034843276,COc1ccc(C2=NC(c3ccccc3)(n3c(-c4ccccc4)nc(-c4ccc(OC)cc4)c3-c3ccc(OC)cc3)N=C2c2ccc(OC)cc2)cc1
2.4045179029825676,2.855814352778795,1.682998052,O=[N+]([O-])c1ccc(C2=NC(c3ccccc3)(n3c(-c4ccccc4)nc(-c4ccc([N+](=O)[O-])cc4)c3-c3ccc([N+](=O)[O-])cc3)N=C2c2ccc([N+](=O)[O-])cc2)cc1
-1.2636280018311585,0.513501799424086,0.38490338,Cc1ccccc1-c1nc(-c2ccccc2)c(-c2ccccc2)n1C1(c2ccccc2C)N=C(c2ccccc2)C(c2ccccc2)=N1
-1.745371421073511,0.3134520661679532,0.507357904,Cc1ccc(C2=NC(c3ccccc3C)(n3c(-c4ccccc4C)nc(-c4ccc(C)cc4)c3-c3ccc(C)cc3)N=C2c2ccc(C)cc2)cc1
-2.4622310847968043,-0.05609429559954709,0.635921277,COc1ccc(C2=NC(c3ccccc3C)(n3c(-c4ccccc4C)nc(-c4ccc(OC)cc4)c3-c3ccc(OC)cc3)N=C2c2ccc(OC)cc2)cc1
2.5263613735149035,1.1431697045270086,0.441599055,Cc1ccccc1-c1nc(-c2ccc([N+](=O)[O-])cc2)c(-c2ccc([N+](=O)[O-])cc2)n1C1(c2ccccc2C)N=C(c2ccc([N+](=O)[O-])cc2)C(c2ccc([N+](=O)[O-])cc2)=N1
-1.6295847172026514,0.42596243975157905,1.060508813,COc1ccccc1-c1nc(-c2ccccc2)c(-c2ccccc2)n1C1(c2ccccc2OC)N=C(c2ccccc2)C(c2ccccc2)=N1
-2.111328136445004,0.22591270649544906,0.979755331,COc1ccccc1-c1nc(-c2ccc(C)cc2)c(-c2ccc(C)cc2)n1C1(c2ccccc2OC)N=C(c2ccc(C)cc2)C(c2ccc(C)cc2)=N1
-2.5625431644979972,-0.002310529351046539,0.639211901,COc1ccc(C2=NC(c3ccccc3OC)(n3c(-c4ccccc4OC)nc(-c4ccc(OC)cc4)c3-c3ccc(OC)cc3)N=C2c2ccc(OC)cc2)cc1
2.1604046581434115,1.055630344854503,2.011892321,COc1ccccc1-c1nc(-c2ccc([N+](=O)[O-])cc2)c(-c2ccc([N+](=O)[O-])cc2)n1C1(c2ccccc2OC)N=C(c2ccc([N+](=O)[O-])cc2)C(c2ccc([N+](=O)[O-])cc2)=N1
0.5391470158361599,-0.6919791306682216,0.629473032,O=[N+]([O-])c1ccccc1-c1nc(-c2ccccc2)c(-c2ccccc2)n1C1(c2ccccc2[N+](=O)[O-])N=C(c2ccccc2)C(c2ccccc2)=N1
0.019157273960079102,-0.9159515014424892,0.78242536,Cc1ccc(C2=NC(c3ccccc3[N+](=O)[O-])(n3c(-c4ccccc4[N+](=O)[O-])nc(-c4ccc(C)cc4)c3-c3ccc(C)cc3)N=C2c2ccc(C)cc2)cc1
-0.6977023897632131,-1.2854978632099918,1.64414856,COc1ccc(C2=NC(c3ccccc3[N+](=O)[O-])(n3c(-c4ccccc4[N+](=O)[O-])nc(-c4ccc(OC)cc4)c3-c3ccc(OC)cc3)N=C2c2ccc(OC)cc2)cc1
3.1404019961400373,0.3851844217317092,0.464763864,O=[N+]([O-])c1ccc(C2=NC(c3ccccc3[N+](=O)[O-])(n3c(-c4ccccc4[N+](=O)[O-])nc(-c4ccc([N+](=O)[O-])cc4)c3-c3ccc([N+](=O)[O-])cc3)N=C2c2ccc([N+](=O)[O-])cc2)cc1
-1.5402069643000407,2.691206839309751,0.812605953,Cc1cccc(-c2nc(-c3ccccc3)c(-c3ccccc3)n2C2(c3cccc(C)c3)N=C(c3ccccc3)C(c3ccccc3)=N2)c1
-1.9585088812129312,2.527316699414388,0.87869576,Cc1ccc(C2=NC(c3cccc(C)c3)(n3c(-c4cccc(C)c4)nc(-c4ccc(C)cc4)c3-c3ccc(C)cc3)N=C2c2ccc(C)cc2)cc1
-2.741929422518043,2.157490834659699,1.031437093,COc1ccc(C2=NC(c3cccc(C)c3)(n3c(-c4cccc(C)c4)nc(-c4ccc(OC)cc4)c3-c3ccc(OC)cc3)N=C2c2ccc(OC)cc2)cc1
2.2466630357936643,3.356754834786255,1.118738939,Cc1cccc(-c2nc(-c3ccc([N+](=O)[O-])cc3)c(-c3ccc([N+](=O)[O-])cc3)n2C2(c3cccc(C)c3)N=C(c3ccc([N+](=O)[O-])cc3)C(c3ccc([N+](=O)[O-])cc3)=N2)c1
-1.307766420844275,0.3469450509624946,0.142702478,Cc1cccc(-c2nc(-c3ccccc3)c(-c3ccccc3)n2C2(c3cccc(C)c3C)N=C(c3ccccc3)C(c3ccccc3)=N2)c1C
-1.7561874947347005,0.1392822038674409,0.105702763,Cc1ccc(C2=NC(c3cccc(C)c3C)(n3c(-c4cccc(C)c4C)nc(-c4ccc(C)cc4)c3-c3ccc(C)cc3)N=C2c2ccc(C)cc2)cc1
-2.4730471584579936,-0.23026415790006116,0.352000482,COc1ccc(C2=NC(c3cccc(C)c3C)(n3c(-c4cccc(C)c4C)nc(-c4ccc(OC)cc4)c3-c3ccc(OC)cc3)N=C2c2ccc(OC)cc2)cc1
2.515545299853714,0.968999842226494,0.787551023,Cc1cccc(-c2nc(-c3ccc([N+](=O)[O-])cc3)c(-c3ccc([N+](=O)[O-])cc3)n2C2(c3cccc(C)c3C)N=C(c3ccc([N+](=O)[O-])cc3)C(c3ccc([N+](=O)[O-])cc3)=N2)c1C
-1.6293606312601643,0.1371058821889991,0.531556748,COc1c(C)cccc1-c1nc(-c2ccccc2)c(-c2ccccc2)n1C1(c2cccc(C)c2OC)N=C(c2ccccc2)C(c2ccccc2)=N1
-2.0777817051505902,-0.07055696490605452,0.361835727,COc1c(C)cccc1-c1nc(-c2ccc(C)cc2)c(-c2ccc(C)cc2)n1C1(c2cccc(C)c2OC)N=C(c2ccc(C)cc2)C(c2ccc(C)cc2)=N1
-2.528996733203584,-0.29878020075255046,0.059136694,COc1ccc(C2=NC(c3cccc(C)c3OC)(n3c(-c4cccc(C)c4OC)nc(-c4ccc(OC)cc4)c3-c3ccc(OC)cc3)N=C2c2ccc(OC)cc2)cc1
2.193951089437824,0.7591606734529983,0.333119342,COc1c(C)cccc1-c1nc(-c2ccc([N+](=O)[O-])cc2)c(-c2ccc([N+](=O)[O-])cc2)n1C1(c2cccc(C)c2OC)N=C(c2ccc([N+](=O)[O-])cc2)C(c2ccc([N+](=O)[O-])cc2)=N1
0.4814322138248306,-1.1023805075394975,0.546157905,Cc1cccc(-c2nc(-c3ccccc3)c(-c3ccccc3)n2C2(c3cccc(C)c3[N+](=O)[O-])N=C(c3ccccc3)C(c3ccccc3)=N2)c1[N+](=O)[O-]
0.03301113993440483,-1.310043354634551,0.525541599,Cc1ccc(C2=NC(c3cccc(C)c3[N+](=O)[O-])(n3c(-c4cccc(C)c4[N+](=O)[O-])nc(-c4ccc(C)cc4)c3-c3ccc(C)cc3)N=C2c2ccc(C)cc2)cc1
-0.6838485237888876,-1.6795897164020528,1.280163099,COc1ccc(C2=NC(c3cccc(C)c3[N+](=O)[O-])(n3c(-c4cccc(C)c4[N+](=O)[O-])nc(-c4ccc(OC)cc4)c3-c3ccc(OC)cc3)N=C2c2ccc(OC)cc2)cc1
3.1160095394806344,-0.03283006897849093,0.431931358,Cc1cccc(-c2nc(-c3ccc([N+](=O)[O-])cc3)c(-c3ccc([N+](=O)[O-])cc3)n2C2(c3cccc(C)c3[N+](=O)[O-])N=C(c3ccc([N+](=O)[O-])cc3)C(c3ccc([N+](=O)[O-])cc3)=N2)c1[N+](=O)[O-]
-1.9089044739384011,2.4190917218260592,0.85513153,COc1cccc(-c2nc(-c3ccccc3)c(-c3ccccc3)n2C2(c3cccc(OC)c3)N=C(c3ccccc3)C(c3ccccc3)=N2)c1
-2.3937672684331104,2.2549220789435096,1.004151003,COc1cccc(-c2nc(-c3ccc(C)cc3)c(-c3ccc(C)cc3)n2C2(c3cccc(OC)c3)N=C(c3ccc(C)cc3)C(c3ccc(C)cc3)=N2)c1
-2.6267147537430775,2.0939232474741885,1.243749063,COc1ccc(C2=NC(c3cccc(OC)c3)(n3c(-c4cccc(OC)c4)nc(-c4ccc(OC)cc4)c3-c3ccc(OC)cc3)N=C2c2ccc(OC)cc2)cc1
1.8779655261553032,3.084639717302563,0.463993888,COc1cccc(-c2nc(-c3ccc([N+](=O)[O-])cc3)c(-c3ccc([N+](=O)[O-])cc3)n2C2(c3cccc(OC)c3)N=C(c3ccc([N+](=O)[O-])cc3)C(c3ccc([N+](=O)[O-])cc3)=N2)c1
-1.5621939311722668,0.1322031345938906,0.215453008,COc1cccc(-c2nc(-c3ccccc3)c(-c3ccccc3)n2C2(c3cccc(OC)c3C)N=C(c3ccccc3)C(c3ccccc3)=N2)c1C
-2.0106150050626925,-0.07545971250116312,0.064903388,COc1cccc(-c2nc(-c3ccc(C)cc3)c(-c3ccc(C)cc3)n2C2(c3cccc(OC)c3C)N=C(c3ccc(C)cc3)C(c3ccc(C)cc3)=N2)c1C
-2.461830033115686,-0.30368294834765874,0.483679748,COc1ccc(C2=NC(c3cccc(OC)c3C)(n3c(-c4cccc(OC)c4C)nc(-c4ccc(OC)cc4)c3-c3ccc(OC)cc3)N=C2c2ccc(OC)cc2)cc1
2.2611177895257217,0.7542579258578895,1.054865147,COc1cccc(-c2nc(-c3ccc([N+](=O)[O-])cc3)c(-c3ccc([N+](=O)[O-])cc3)n2C2(c3cccc(OC)c3C)N=C(c3ccc([N+](=O)[O-])cc3)C(c3ccc([N+](=O)[O-])cc3)=N2)c1C
-1.6083146644155182,0.06306426057552,1.146166316,COc1cccc(-c2nc(-c3ccccc3)c(-c3ccccc3)n2C2(c3cccc(OC)c3OC)N=C(c3ccccc3)C(c3ccccc3)=N2)c1OC
-2.0567357383059446,-0.14459858651953364,1.184913908,COc1cccc(-c2nc(-c3ccc(C)cc3)c(-c3ccc(C)cc3)n2C2(c3cccc(OC)c3OC)N=C(c3ccc(C)cc3)C(c3ccc(C)cc3)=N2)c1OC
-2.507950766358938,-0.3728218223660293,0.365751958,COc1ccc(C2=NC(c3cccc(OC)c3OC)(n3c(-c4cccc(OC)c4OC)nc(-c4ccc(OC)cc4)c3-c3ccc(OC)cc3)N=C2c2ccc(OC)cc2)cc1
2.2149970562824692,0.6851190518395194,1.860970103,COc1cccc(-c2nc(-c3ccc([N+](=O)[O-])cc3)c(-c3ccc([N+](=O)[O-])cc3)n2C2(c3cccc(OC)c3OC)N=C(c3ccc([N+](=O)[O-])cc3)C(c3ccc([N+](=O)[O-])cc3)=N2)c1OC
0.21640806185452544,-1.283681388714441,0.712197322,COc1cccc(-c2nc(-c3ccccc3)c(-c3ccccc3)n2C2(c3cccc(OC)c3[N+](=O)[O-])N=C(c3ccccc3)C(c3ccccc3)=N2)c1[N+](=O)[O-]
-0.2320130120359007,-1.4913442358094937,0.619826938,COc1cccc(-c2nc(-c3ccc(C)cc3)c(-c3ccc(C)cc3)n2C2(c3cccc(OC)c3[N+](=O)[O-])N=C(c3ccc(C)cc3)C(c3ccc(C)cc3)=N2)c1[N+](=O)[O-]
-0.6832280400888934,-1.7195674716559906,0.650829243,COc1ccc(C2=NC(c3cccc(OC)c3[N+](=O)[O-])(n3c(-c4cccc(OC)c4[N+](=O)[O-])nc(-c4ccc(OC)cc4)c3-c3ccc(OC)cc3)N=C2c2ccc(OC)cc2)cc1
2.8509853875103293,-0.21413095015343392,0.725202206,COc1cccc(-c2nc(-c3ccc([N+](=O)[O-])cc3)c(-c3ccc([N+](=O)[O-])cc3)n2C2(c3cccc(OC)c3[N+](=O)[O-])N=C(c3ccc([N+](=O)[O-])cc3)C(c3ccc([N+](=O)[O-])cc3)=N2)c1[N+](=O)[O-]
0.5229324923847629,2.175023258911831,0.273442048,O=[N+]([O-])c1cccc(-c2nc(-c3ccccc3)c(-c3ccccc3)n2C2(c3cccc([N+](=O)[O-])c3)N=C(c3ccccc3)C(c3ccccc3)=N2)c1
-0.00017662474367495572,1.9869309785111435,0.226448858,Cc1ccc(C2=NC(c3cccc([N+](=O)[O-])c3)(n3c(-c4cccc([N+](=O)[O-])c4)nc(-c4ccc(C)cc4)c3-c3ccc(C)cc3)N=C2c2ccc(C)cc2)cc1
-0.7170362884669668,1.6173846167436405,0.553209692,COc1ccc(C2=NC(c3cccc([N+](=O)[O-])c3)(n3c(-c4cccc([N+](=O)[O-])c4)nc(-c4ccc(OC)cc4)c3-c3ccc(OC)cc3)N=C2c2ccc(OC)cc2)cc1
2.7218616000976725,3.1067078216980515,0.321984161,O=[N+]([O-])c1ccc(C2=NC(c3cccc([N+](=O)[O-])c3)(n3c(-c4cccc([N+](=O)[O-])c4)nc(-c4ccc([N+](=O)[O-])cc4)c3-c3ccc([N+](=O)[O-])cc3)N=C2c2ccc([N+](=O)[O-])cc2)cc1
0.39433929524813055,-0.6230880726776862,0.411016928,Cc1c(-c2nc(-c3ccccc3)c(-c3ccccc3)n2C2(c3cccc([N+](=O)[O-])c3C)N=C(c3ccccc3)C(c3ccccc3)=N2)cccc1[N+](=O)[O-]
-0.05408177864229607,-0.8307509197727401,1.013429799,Cc1ccc(C2=NC(c3cccc([N+](=O)[O-])c3C)(n3c(-c4cccc([N+](=O)[O-])c4C)nc(-c4ccc(C)cc4)c3-c3ccc(C)cc3)N=C2c2ccc(C)cc2)cc1
-0.7709414423655883,-1.2002972815402422,0.464988012,COc1ccc(C2=NC(c3cccc([N+](=O)[O-])c3C)(n3c(-c4cccc([N+](=O)[O-])c4C)nc(-c4ccc(OC)cc4)c3-c3ccc(OC)cc3)N=C2c2ccc(OC)cc2)cc1
3.028916620903935,0.4464623658833205,1.40381193,Cc1c(-c2nc(-c3ccc([N+](=O)[O-])cc3)c(-c3ccc([N+](=O)[O-])cc3)n2C2(c3cccc([N+](=O)[O-])c3C)N=C(c3ccc([N+](=O)[O-])cc3)C(c3ccc([N+](=O)[O-])cc3)=N2)cccc1[N+](=O)[O-]
0.07270295380743567,-0.8327584251664869,0.998634804,COc1c(-c2nc(-c3ccccc3)c(-c3ccccc3)n2C2(c3cccc([N+](=O)[O-])c3OC)N=C(c3ccccc3)C(c3ccccc3)=N2)cccc1[N+](=O)[O-]
-0.3757181200829905,-1.040421272261541,0.312218077,COc1c(-c2nc(-c3ccc(C)cc3)c(-c3ccc(C)cc3)n2C2(c3cccc([N+](=O)[O-])c3OC)N=C(c3ccc(C)cc3)C(c3ccc(C)cc3)=N2)cccc1[N+](=O)[O-]
-0.8269331481359827,-1.2686445081080366,0.091723509,COc1ccc(C2=NC(c3cccc([N+](=O)[O-])c3OC)(n3c(-c4cccc([N+](=O)[O-])c4OC)nc(-c4ccc(OC)cc4)c3-c3ccc(OC)cc3)N=C2c2ccc(OC)cc2)cc1
2.7072802794632396,0.23679201339451972,0.939994422,COc1c(-c2nc(-c3ccc([N+](=O)[O-])cc3)c(-c3ccc([N+](=O)[O-])cc3)n2C2(c3cccc([N+](=O)[O-])c3OC)N=C(c3ccc([N+](=O)[O-])cc3)C(c3ccc([N+](=O)[O-])cc3)=N2)cccc1[N+](=O)[O-]
1.004567877035227,-1.5951163847631074,1.22260712,O=[N+]([O-])c1cccc(-c2nc(-c3ccccc3)c(-c3ccccc3)n2C2(c3cccc([N+](=O)[O-])c3[N+](=O)[O-])N=C(c3ccccc3)C(c3ccccc3)=N2)c1[N+](=O)[O-]
0.5179004805110725,-1.8267018693762986,2.821638531,Cc1ccc(C2=NC(c3cccc([N+](=O)[O-])c3[N+](=O)[O-])(n3c(-c4cccc([N+](=O)[O-])c4[N+](=O)[O-])nc(-c4ccc(C)cc4)c3-c3ccc(C)cc3)N=C2c2ccc(C)cc2)cc1
-0.19895918321221975,-2.196248231143801,1.164405319,COc1ccc(C2=NC(c3cccc([N+](=O)[O-])c3[N+](=O)[O-])(n3c(-c4cccc([N+](=O)[O-])c4[N+](=O)[O-])nc(-c4ccc(OC)cc4)c3-c3ccc(OC)cc3)N=C2c2ccc(OC)cc2)cc1
3.6391452026910307,-0.5255659462021008,0.649286758,O=[N+]([O-])c1ccc(C2=NC(c3cccc([N+](=O)[O-])c3[N+](=O)[O-])(n3c(-c4cccc([N+](=O)[O-])c4[N+](=O)[O-])nc(-c4ccc([N+](=O)[O-])cc4)c3-c3ccc([N+](=O)[O-])cc3)N=C2c2ccc([N+](=O)[O-])cc2)cc1
-1.5989514664050275,2.3083978082198047,0.970079198,Cc1ccc(-c2nc(-c3ccccc3)c(-c3ccccc3)n2C2(c3ccc(C)cc3)N=C(c3ccccc3)C(c3ccccc3)=N2)cc1
-1.8402503118718965,2.0605276969252646,1.071473253,Cc1ccc(C2=NC(c3ccc(C)cc3)(n3c(-c4ccc(C)cc4)nc(-c4ccc(C)cc4)c3-c3ccc(C)cc3)N=C2c2ccc(C)cc2)cc1
-2.7459427042230367,1.6672259071310134,1.354010109,COc1ccc(C2=NC(c3ccc(C)cc3)(n3c(-c4ccc(C)cc4)nc(-c4ccc(OC)cc4)c3-c3ccc(OC)cc3)N=C2c2ccc(OC)cc2)cc1
2.2426497540886685,2.8664899072575687,0.412946856,Cc1ccc(-c2nc(-c3ccc([N+](=O)[O-])cc3)c(-c3ccc([N+](=O)[O-])cc3)n2C2(c3ccc(C)cc3)N=C(c3ccc([N+](=O)[O-])cc3)C(c3ccc([N+](=O)[O-])cc3)=N2)cc1
-1.4112595186730952,0.378342722792867,0.166063528,Cc1ccc(-c2nc(-c3ccccc3)c(-c3ccccc3)n2C2(c3ccc(C)cc3C)N=C(c3ccccc3)C(c3ccccc3)=N2)c(C)c1
-1.6933656701391087,0.15786135085014869,0.423953895,Cc1ccc(C2=NC(c3ccc(C)cc3C)(n3c(-c4ccc(C)cc4C)nc(-c4ccc(C)cc4)c3-c3ccc(C)cc3)N=C2c2ccc(C)cc2)cc1
-2.5402477895003144,-0.22418608345307342,0.420397343,COc1ccc(C2=NC(c3ccc(C)cc3C)(n3c(-c4ccc(C)cc4C)nc(-c4ccc(OC)cc4)c3-c3ccc(OC)cc3)N=C2c2ccc(OC)cc2)cc1
2.4483446688113926,0.9750779166734819,1.184307731,Cc1ccc(-c2nc(-c3ccc([N+](=O)[O-])cc3)c(-c3ccc([N+](=O)[O-])cc3)n2C2(c3ccc(C)cc3C)N=C(c3ccc([N+](=O)[O-])cc3)C(c3ccc([N+](=O)[O-])cc3)=N2)c(C)c1
-1.77629430615638,0.2883005218395968,1.11459766,COc1cc(C)ccc1-c1nc(-c2ccccc2)c(-c2ccccc2)n1C1(c2ccc(C)cc2OC)N=C(c2ccccc2)C(c2ccccc2)=N1
-2.058400457622394,0.06781914989687897,0.766229895,COc1cc(C)ccc1-c1nc(-c2ccc(C)cc2)c(-c2ccc(C)cc2)n1C1(c2ccc(C)cc2OC)N=C(c2ccc(C)cc2)C(c2ccc(C)cc2)=N1
-2.6396379413132993,-0.17290515848533755,2.565761904,COc1ccc(C2=NC(c3ccc(C)cc3OC)(n3c(-c4ccc(C)cc4OC)nc(-c4ccc(OC)cc4)c3-c3ccc(OC)cc3)N=C2c2ccc(OC)cc2)cc1
2.0833098813281086,0.8850357157202112,0.618311066,COc1cc(C)ccc1-c1nc(-c2ccc([N+](=O)[O-])cc2)c(-c2ccc([N+](=O)[O-])cc2)n1C1(c2ccc(C)cc2OC)N=C(c2ccc([N+](=O)[O-])cc2)C(c2ccc([N+](=O)[O-])cc2)=N1
0.35408468103892454,-0.8571863877542452,0.723703955,Cc1ccc(-c2nc(-c3ccccc3)c(-c3ccccc3)n2C2(c3ccc(C)cc3[N+](=O)[O-])N=C(c3ccccc3)C(c3ccccc3)=N2)c([N+](=O)[O-])c1
0.07197852957291066,-1.0776677596969633,1.573350193,Cc1ccc(C2=NC(c3ccc(C)cc3[N+](=O)[O-])(n3c(-c4ccc(C)cc4[N+](=O)[O-])nc(-c4ccc(C)cc4)c3-c3ccc(C)cc3)N=C2c2ccc(C)cc2)cc1
-0.7749035897882942,-1.459715194000186,0.346411904,COc1ccc(C2=NC(c3ccc(C)cc3[N+](=O)[O-])(n3c(-c4ccc(C)cc4[N+](=O)[O-])nc(-c4ccc(OC)cc4)c3-c3ccc(OC)cc3)N=C2c2ccc(OC)cc2)cc1
3.0249544734812286,0.18704445342337656,0.844186175,Cc1ccc(-c2nc(-c3ccc([N+](=O)[O-])cc3)c(-c3ccc([N+](=O)[O-])cc3)n2C2(c3ccc(C)cc3[N+](=O)[O-])N=C(c3ccc([N+](=O)[O-])cc3)C(c3ccc([N+](=O)[O-])cc3)=N2)c([N+](=O)[O-])c1
-1.559671148963225,2.957585644098537,0.954197205,Cc1ccc(-c2nc(-c3ccccc3)c(-c3ccccc3)n2C2(c3ccc(C)c(C)c3)N=C(c3ccccc3)C(c3ccccc3)=N2)cc1C
-1.989802723057942,2.685960104777248,1.026429721,Cc1ccc(C2=NC(c3ccc(C)c(C)c3)(n3c(-c4ccc(C)c(C)c4)nc(-c4ccc(C)cc4)c3-c3ccc(C)cc3)N=C2c2ccc(C)cc2)cc1
-2.706662386781234,2.3164137430097447,1.477978202,COc1ccc(C2=NC(c3ccc(C)c(C)c3)(n3c(-c4ccc(C)c(C)c4)nc(-c4ccc(OC)cc4)c3-c3ccc(OC)cc3)N=C2c2ccc(OC)cc2)cc1
2.2819300715304722,3.515677743136298,0.143990449,Cc1ccc(-c2nc(-c3ccc([N+](=O)[O-])cc3)c(-c3ccc([N+](=O)[O-])cc3)n2C2(c3ccc(C)c(C)c3)N=C(c3ccc([N+](=O)[O-])cc3)C(c3ccc([N+](=O)[O-])cc3)=N2)cc1C
-1.2853858218087504,-0.023800644260466262,0.104771076,Cc1ccc(-c2nc(-c3ccccc3)c(-c3ccccc3)n2C2(c3ccc(C)c(C)c3C)N=C(c3ccccc3)C(c3ccccc3)=N2)c(C)c1C
-1.6975144289126765,-0.2567830887389045,0.383794661,Cc1ccc(C2=NC(c3ccc(C)c(C)c3C)(n3c(-c4ccc(C)c(C)c4C)nc(-c4ccc(C)cc4)c3-c3ccc(C)cc3)N=C2c2ccc(C)cc2)cc1
-2.4143740926359696,-0.6263294505064069,0.962971969,COc1ccc(C2=NC(c3ccc(C)c(C)c3C)(n3c(-c4ccc(C)c(C)c4C)nc(-c4ccc(OC)cc4)c3-c3ccc(OC)cc3)N=C2c2ccc(OC)cc2)cc1
2.5742183656757387,0.5729345496201487,0.436533785,Cc1ccc(-c2nc(-c3ccc([N+](=O)[O-])cc3)c(-c3ccc([N+](=O)[O-])cc3)n2C2(c3ccc(C)c(C)c3C)N=C(c3ccc([N+](=O)[O-])cc3)C(c3ccc([N+](=O)[O-])cc3)=N2)c(C)c1C
-1.605617167105405,-0.3305744137849977,0.284185103,COc1c(-c2nc(-c3ccccc3)c(-c3ccccc3)n2C2(c3ccc(C)c(C)c3OC)N=C(c3ccccc3)C(c3ccccc3)=N2)ccc(C)c1C
-2.0177457742093314,-0.5635568582634362,0.033539812,COc1c(-c2nc(-c3ccc(C)cc3)c(-c3ccc(C)cc3)n2C2(c3ccc(C)c(C)c3OC)N=C(c3ccc(C)cc3)C(c3ccc(C)cc3)=N2)ccc(C)c1C
-2.4689608022623246,-0.7917800941099319,0.59064051,COc1ccc(C2=NC(c3ccc(C)c(C)c3OC)(n3c(-c4ccc(C)c(C)c4OC)nc(-c4ccc(OC)cc4)c3-c3ccc(OC)cc3)N=C2c2ccc(OC)cc2)cc1
2.253987020379083,0.2661607800956168,0.62280345,COc1c(-c2nc(-c3ccc([N+](=O)[O-])cc3)c(-c3ccc([N+](=O)[O-])cc3)n2C2(c3ccc(C)c(C)c3OC)N=C(c3ccc([N+](=O)[O-])cc3)C(c3ccc([N+](=O)[O-])cc3)=N2)ccc(C)c1C
0.5019413374267877,-1.5808626924253937,0.512911744,Cc1ccc(-c2nc(-c3ccccc3)c(-c3ccccc3)n2C2(c3ccc(C)c(C)c3[N+](=O)[O-])N=C(c3ccccc3)C(c3ccccc3)=N2)c([N+](=O)[O-])c1C
0.08981273032286034,-1.8138451369038329,1.205638823,Cc1ccc(C2=NC(c3ccc(C)c(C)c3[N+](=O)[O-])(n3c(-c4ccc(C)c(C)c4[N+](=O)[O-])nc(-c4ccc(C)cc4)c3-c3ccc(C)cc3)N=C2c2ccc(C)cc2)cc1
-0.6270469334004316,-2.183391498671335,0.454440195,COc1ccc(C2=NC(c3ccc(C)c(C)c3[N+](=O)[O-])(n3c(-c4ccc(C)c(C)c4[N+](=O)[O-])nc(-c4ccc(OC)cc4)c3-c3ccc(OC)cc3)N=C2c2ccc(OC)cc2)cc1
3.1728111298690913,-0.5366318512477725,0.977393789,Cc1ccc(-c2nc(-c3ccc([N+](=O)[O-])cc3)c(-c3ccc([N+](=O)[O-])cc3)n2C2(c3ccc(C)c(C)c3[N+](=O)[O-])N=C(c3ccc([N+](=O)[O-])cc3)C(c3ccc([N+](=O)[O-])cc3)=N2)c([N+](=O)[O-])c1C
-1.8311885057675934,2.7952750694646573,1.108063465,COc1cc(-c2nc(-c3ccccc3)c(-c3ccccc3)n2C2(c3ccc(C)c(OC)c3)N=C(c3ccccc3)C(c3ccccc3)=N2)ccc1C
-2.261320079862311,2.5236495301433677,1.302605378,COc1cc(-c2nc(-c3ccc(C)cc3)c(-c3ccc(C)cc3)n2C2(c3ccc(C)c(OC)c3)N=C(c3ccc(C)cc3)C(c3ccc(C)cc3)=N2)ccc1C
-2.712535107915303,2.2954262942968713,2.646057501,COc1ccc(C2=NC(c3ccc(C)c(OC)c3)(n3c(-c4ccc(C)c(OC)c4)nc(-c4ccc(OC)cc4)c3-c3ccc(OC)cc3)N=C2c2ccc(OC)cc2)cc1
2.0104127147261033,3.3533671685024196,0.499291096,COc1cc(-c2nc(-c3ccc([N+](=O)[O-])cc3)c(-c3ccc([N+](=O)[O-])cc3)n2C2(c3ccc(C)c(OC)c3)N=C(c3ccc([N+](=O)[O-])cc3)C(c3ccc([N+](=O)[O-])cc3)=N2)ccc1C
-1.506202982960125,-0.42447808466300624,0.265459762,COc1c(C)ccc(-c2nc(-c3ccccc3)c(-c3ccccc3)n2C2(c3ccc(C)c(OC)c3C)N=C(c3ccccc3)C(c3ccccc3)=N2)c1C
-1.9183315900640516,-0.657460529141445,0.164042199,COc1c(C)ccc(-c2nc(-c3ccc(C)cc3)c(-c3ccc(C)cc3)n2C2(c3ccc(C)c(OC)c3C)N=C(c3ccc(C)cc3)C(c3ccc(C)cc3)=N2)c1C
-2.369546618117044,-0.8856837649879407,0.960273064,COc1ccc(C2=NC(c3ccc(C)c(OC)c3C)(n3c(-c4ccc(C)c(OC)c4C)nc(-c4ccc(OC)cc4)c3-c3ccc(OC)cc3)N=C2c2ccc(OC)cc2)cc1
2.353401204524362,0.1722571092176084,0.908615807,COc1c(C)ccc(-c2nc(-c3ccc([N+](=O)[O-])cc3)c(-c3ccc([N+](=O)[O-])cc3)n2C2(c3ccc(C)c(OC)c3C)N=C(c3ccc([N+](=O)[O-])cc3)C(c3ccc([N+](=O)[O-])cc3)=N2)c1C
-1.535199196776278,-0.3077677688601529,0.73333686,COc1c(C)ccc(-c2nc(-c3ccccc3)c(-c3ccccc3)n2C2(c3ccc(C)c(OC)c3OC)N=C(c3ccccc3)C(c3ccccc3)=N2)c1OC
-1.9473278038802044,-0.5407502133385914,0.607977964,COc1c(C)ccc(-c2nc(-c3ccc(C)cc3)c(-c3ccc(C)cc3)n2C2(c3ccc(C)c(OC)c3OC)N=C(c3ccc(C)cc3)C(c3ccc(C)cc3)=N2)c1OC
-2.3985428319331974,-0.7689734491850869,1.493668132,COc1ccc(C2=NC(c3ccc(C)c(OC)c3OC)(n3c(-c4ccc(C)c(OC)c4OC)nc(-c4ccc(OC)cc4)c3-c3ccc(OC)cc3)N=C2c2ccc(OC)cc2)cc1
2.3244049907082096,0.28896742502046224,0.588220254,COc1c(C)ccc(-c2nc(-c3ccc([N+](=O)[O-])cc3)c(-c3ccc([N+](=O)[O-])cc3)n2C2(c3ccc(C)c(OC)c3OC)N=C(c3ccc([N+](=O)[O-])cc3)C(c3ccc([N+](=O)[O-])cc3)=N2)c1OC
0.2778078317918728,-1.8786504508561348,0.609536864,COc1c(C)ccc(-c2nc(-c3ccccc3)c(-c3ccccc3)n2C2(c3ccc(C)c(OC)c3[N+](=O)[O-])N=C(c3ccccc3)C(c3ccccc3)=N2)c1[N+](=O)[O-]
-0.134320775312054,-2.111632895334572,0.72862897,COc1c(C)ccc(-c2nc(-c3ccc(C)cc3)c(-c3ccc(C)cc3)n2C2(c3ccc(C)c(OC)c3[N+](=O)[O-])N=C(c3ccc(C)cc3)C(c3ccc(C)cc3)=N2)c1[N+](=O)[O-]
-0.5855358033650464,-2.3398561311810684,0.997791042,COc1ccc(C2=NC(c3ccc(C)c(OC)c3[N+](=O)[O-])(n3c(-c4ccc(C)c(OC)c4[N+](=O)[O-])nc(-c4ccc(OC)cc4)c3-c3ccc(OC)cc3)N=C2c2ccc(OC)cc2)cc1
2.948677624234177,-0.8344196096785119,0.470169269,COc1c(C)ccc(-c2nc(-c3ccc([N+](=O)[O-])cc3)c(-c3ccc([N+](=O)[O-])cc3)n2C2(c3ccc(C)c(OC)c3[N+](=O)[O-])N=C(c3ccc([N+](=O)[O-])cc3)C(c3ccc([N+](=O)[O-])cc3)=N2)c1[N+](=O)[O-]
0.10854847086642891,2.058256121604539,0.390482721,Cc1ccc(-c2nc(-c3ccccc3)c(-c3ccccc3)n2C2(c3ccc(C)c([N+](=O)[O-])c3)N=C(c3ccccc3)C(c3ccccc3)=N2)cc1[N+](=O)[O-]
-0.3215831032282884,1.7866305822832496,1.238599409,Cc1ccc(C2=NC(c3ccc(C)c([N+](=O)[O-])c3)(n3c(-c4ccc(C)c([N+](=O)[O-])c4)nc(-c4ccc(C)cc4)c3-c3ccc(C)cc3)N=C2c2ccc(C)cc2)cc1
-1.0384427669515808,1.4170842205157475,0.755579729,COc1ccc(C2=NC(c3ccc(C)c([N+](=O)[O-])c3)(n3c(-c4ccc(C)c([N+](=O)[O-])c4)nc(-c4ccc(OC)cc4)c3-c3ccc(OC)cc3)N=C2c2ccc(OC)cc2)cc1
2.7614152963179417,3.0638438679393096,0.403485575,Cc1ccc(-c2nc(-c3ccc([N+](=O)[O-])cc3)c(-c3ccc([N+](=O)[O-])cc3)n2C2(c3ccc(C)c([N+](=O)[O-])c3)N=C(c3ccc([N+](=O)[O-])cc3)C(c3ccc([N+](=O)[O-])cc3)=N2)cc1[N+](=O)[O-]
0.3459141947666533,-0.9399796119605693,0.357983771,Cc1ccc(-c2nc(-c3ccccc3)c(-c3ccccc3)n2C2(c3ccc(C)c([N+](=O)[O-])c3C)N=C(c3ccccc3)C(c3ccccc3)=N2)c(C)c1[N+](=O)[O-]
-0.06621441233727285,-1.1729620564390075,0.604302519,Cc1ccc(C2=NC(c3ccc(C)c([N+](=O)[O-])c3C)(n3c(-c4ccc(C)c([N+](=O)[O-])c4C)nc(-c4ccc(C)cc4)c3-c3ccc(C)cc3)N=C2c2ccc(C)cc2)cc1
-0.7830740760605656,-1.5425084182065094,0.372391349,COc1ccc(C2=NC(c3ccc(C)c([N+](=O)[O-])c3C)(n3c(-c4ccc(C)c([N+](=O)[O-])c4C)nc(-c4ccc(OC)cc4)c3-c3ccc(OC)cc3)N=C2c2ccc(OC)cc2)cc1
3.0167839872089575,0.1042512292170525,0.53018051,Cc1ccc(-c2nc(-c3ccc([N+](=O)[O-])cc3)c(-c3ccc([N+](=O)[O-])cc3)n2C2(c3ccc(C)c([N+](=O)[O-])c3C)N=C(c3ccc([N+](=O)[O-])cc3)C(c3ccc([N+](=O)[O-])cc3)=N2)c(C)c1[N+](=O)[O-]
0.06307582807753719,-1.395310255941946,0.294556678,COc1c(-c2nc(-c3ccccc3)c(-c3ccccc3)n2C2(c3ccc(C)c([N+](=O)[O-])c3OC)N=C(c3ccccc3)C(c3ccccc3)=N2)ccc(C)c1[N+](=O)[O-]
-0.34905277902638965,-1.6282927004203844,0.334985236,COc1c(-c2nc(-c3ccc(C)cc3)c(-c3ccc(C)cc3)n2C2(c3ccc(C)c([N+](=O)[O-])c3OC)N=C(c3ccc(C)cc3)C(c3ccc(C)cc3)=N2)ccc(C)c1[N+](=O)[O-]
-0.8002678070793823,-1.8565159362668795,1.112308783,COc1ccc(C2=NC(c3ccc(C)c([N+](=O)[O-])c3OC)(n3c(-c4ccc(C)c([N+](=O)[O-])c4OC)nc(-c4ccc(OC)cc4)c3-c3ccc(OC)cc3)N=C2c2ccc(OC)cc2)cc1
2.7339456205198394,-0.3510794147643241,0.677127599,COc1c(-c2nc(-c3ccc([N+](=O)[O-])cc3)c(-c3ccc([N+](=O)[O-])cc3)n2C2(c3ccc(C)c([N+](=O)[O-])c3OC)N=C(c3ccc([N+](=O)[O-])cc3)C(c3ccc([N+](=O)[O-])cc3)=N2)ccc(C)c1[N+](=O)[O-]
0.8277486464580868,-1.8178921656532152,0.787407942,Cc1ccc(-c2nc(-c3ccccc3)c(-c3ccccc3)n2C2(c3ccc(C)c([N+](=O)[O-])c3[N+](=O)[O-])N=C(c3ccccc3)C(c3ccccc3)=N2)c([N+](=O)[O-])c1[N+](=O)[O-]
0.4156200393541599,-2.050874610131655,2.189487235,Cc1ccc(C2=NC(c3ccc(C)c([N+](=O)[O-])c3[N+](=O)[O-])(n3c(-c4ccc(C)c([N+](=O)[O-])c4[N+](=O)[O-])nc(-c4ccc(C)cc4)c3-c3ccc(C)cc3)N=C2c2ccc(C)cc2)cc1
-0.3012396243691329,-2.4204209718991563,0.884169043,COc1ccc(C2=NC(c3ccc(C)c([N+](=O)[O-])c3[N+](=O)[O-])(n3c(-c4ccc(C)c([N+](=O)[O-])c4[N+](=O)[O-])nc(-c4ccc(OC)cc4)c3-c3ccc(OC)cc3)N=C2c2ccc(OC)cc2)cc1
3.49861843890039,-0.7736613244755935,0.811867919,Cc1ccc(-c2nc(-c3ccc([N+](=O)[O-])cc3)c(-c3ccc([N+](=O)[O-])cc3)n2C2(c3ccc(C)c([N+](=O)[O-])c3[N+](=O)[O-])N=C(c3ccc([N+](=O)[O-])cc3)C(c3ccc([N+](=O)[O-])cc3)=N2)c([N+](=O)[O-])c1[N+](=O)[O-]
-2.131637405652583,2.0557437815675046,1.201906939,COc1ccc(-c2nc(-c3ccccc3)c(-c3ccccc3)n2C2(c3ccc(OC)cc3)N=C(c3ccccc3)C(c3ccccc3)=N2)cc1
-2.5617689797473,1.7841182422462138,1.201906939,COc1ccc(-c2nc(-c3ccc(C)cc3)c(-c3ccc(C)cc3)n2C2(c3ccc(OC)cc3)N=C(c3ccc(C)cc3)C(c3ccc(C)cc3)=N2)cc1
-2.5957491795218997,1.7111731657386244,1.160507573,COc1ccc(C2=NC(c3ccc(OC)cc3)(n3c(-c4ccc(OC)cc4)nc(-c4ccc(OC)cc4)c3-c3ccc(OC)cc3)N=C2c2ccc(OC)cc2)cc1
1.7099638148411138,2.6138358806052673,3.159986091,COc1ccc(-c2nc(-c3ccc([N+](=O)[O-])cc3)c(-c3ccc([N+](=O)[O-])cc3)n2C2(c3ccc(OC)cc3)N=C(c3ccc([N+](=O)[O-])cc3)C(c3ccc([N+](=O)[O-])cc3)=N2)cc1
-1.9202569663099853,0.15190034304673997,0.531350641,COc1ccc(-c2nc(-c3ccccc3)c(-c3ccccc3)n2C2(c3ccc(OC)cc3C)N=C(c3ccccc3)C(c3ccccc3)=N2)c(C)c1
-2.332385573413912,-0.08108210143169836,0.27312692,COc1ccc(-c2nc(-c3ccc(C)cc3)c(-c3ccc(C)cc3)n2C2(c3ccc(OC)cc3C)N=C(c3ccc(C)cc3)C(c3ccc(C)cc3)=N2)c(C)c1
-2.4613036650444022,-0.19659711505772706,0.318270151,COc1ccc(C2=NC(c3ccc(OC)cc3C)(n3c(-c4ccc(OC)cc4C)nc(-c4ccc(OC)cc4)c3-c3ccc(OC)cc3)N=C2c2ccc(OC)cc2)cc1
1.9393472211745026,0.7486355369273556,0.454915273,COc1ccc(-c2nc(-c3ccc([N+](=O)[O-])cc3)c(-c3ccc([N+](=O)[O-])cc3)n2C2(c3ccc(OC)cc3C)N=C(c3ccc([N+](=O)[O-])cc3)C(c3ccc([N+](=O)[O-])cc3)=N2)c(C)c1
-2.017693861030974,0.20295713665336076,1.835169758,COc1ccc(-c2nc(-c3ccccc3)c(-c3ccccc3)n2C2(c3ccc(OC)cc3OC)N=C(c3ccccc3)C(c3ccccc3)=N2)c(OC)c1
-2.4298224681349017,-0.0300253078250774,1.737708835,COc1ccc(-c2nc(-c3ccc(C)cc3)c(-c3ccc(C)cc3)n2C2(c3ccc(OC)cc3OC)N=C(c3ccc(C)cc3)C(c3ccc(C)cc3)=N2)c(OC)c1
-2.5587405597653925,-0.14554032145110585,1.318533702,COc1ccc(C2=NC(c3ccc(OC)cc3OC)(n3c(-c4ccc(OC)cc4OC)nc(-c4ccc(OC)cc4)c3-c3ccc(OC)cc3)N=C2c2ccc(OC)cc2)cc1
1.8419103264535142,0.7996923305339756,4.259556627,COc1ccc(-c2nc(-c3ccc([N+](=O)[O-])cc3)c(-c3ccc([N+](=O)[O-])cc3)n2C2(c3ccc(OC)cc3OC)N=C(c3ccc([N+](=O)[O-])cc3)C(c3ccc([N+](=O)[O-])cc3)=N2)c(OC)c1
-0.15491276658877073,-1.0836287675571925,0.776986599,COc1ccc(-c2nc(-c3ccccc3)c(-c3ccccc3)n2C2(c3ccc(OC)cc3[N+](=O)[O-])N=C(c3ccccc3)C(c3ccccc3)=N2)c([N+](=O)[O-])c1
-0.5670413736926976,-1.3166112120356308,0.938049485,COc1ccc(-c2nc(-c3ccc(C)cc3)c(-c3ccc(C)cc3)n2C2(c3ccc(OC)cc3[N+](=O)[O-])N=C(c3ccc(C)cc3)C(c3ccc(C)cc3)=N2)c([N+](=O)[O-])c1
-0.6959594653231888,-1.4321262256616591,1.797189307,COc1ccc(C2=NC(c3ccc(OC)cc3[N+](=O)[O-])(n3c(-c4ccc(OC)cc4[N+](=O)[O-])nc(-c4ccc(OC)cc4)c3-c3ccc(OC)cc3)N=C2c2ccc(OC)cc2)cc1
2.5159570258535324,-0.03939792637957033,0.485916526,COc1ccc(-c2nc(-c3ccc([N+](=O)[O-])cc3)c(-c3ccc([N+](=O)[O-])cc3)n2C2(c3ccc(OC)cc3[N+](=O)[O-])N=C(c3ccc([N+](=O)[O-])cc3)C(c3ccc([N+](=O)[O-])cc3)=N2)c([N+](=O)[O-])c1
-1.9342289561053048,2.8628484109247183,0.828483997,COc1ccc(-c2nc(-c3ccccc3)c(-c3ccccc3)n2C2(c3ccc(OC)c(C)c3)N=C(c3ccccc3)C(c3ccccc3)=N2)cc1C
-2.364360530200022,2.5912228716034282,1.152347118,COc1ccc(-c2nc(-c3ccc(C)cc3)c(-c3ccc(C)cc3)n2C2(c3ccc(OC)c(C)c3)N=C(c3ccc(C)cc3)C(c3ccc(C)cc3)=N2)cc1C
-2.8155755582530144,2.362999635756932,1.053315634,COc1ccc(C2=NC(c3ccc(OC)c(C)c3)(n3c(-c4ccc(OC)c(C)c4)nc(-c4ccc(OC)cc4)c3-c3ccc(OC)cc3)N=C2c2ccc(OC)cc2)cc1
1.9073722643883924,3.4209405099624814,3.734483979,COc1ccc(-c2nc(-c3ccc([N+](=O)[O-])cc3)c(-c3ccc([N+](=O)[O-])cc3)n2C2(c3ccc(OC)c(C)c3)N=C(c3ccc([N+](=O)[O-])cc3)C(c3ccc([N+](=O)[O-])cc3)=N2)cc1C
-1.6552008849349025,-0.2524593822814738,0.328506844,COc1ccc(-c2nc(-c3ccccc3)c(-c3ccccc3)n2C2(c3ccc(OC)c(C)c3C)N=C(c3ccccc3)C(c3ccccc3)=N2)c(C)c1C
-2.0673294920388297,-0.4854418267599121,0.388923814,COc1ccc(-c2nc(-c3ccc(C)cc3)c(-c3ccc(C)cc3)n2C2(c3ccc(OC)c(C)c3C)N=C(c3ccc(C)cc3)C(c3ccc(C)cc3)=N2)c(C)c1C
-2.518544520091823,-0.7136650626064076,0.439439642,COc1ccc(C2=NC(c3ccc(OC)c(C)c3C)(n3c(-c4ccc(OC)c(C)c4C)nc(-c4ccc(OC)cc4)c3-c3ccc(OC)cc3)N=C2c2ccc(OC)cc2)cc1
2.204403302549586,0.3442758115991415,4.25489317,COc1ccc(-c2nc(-c3ccc([N+](=O)[O-])cc3)c(-c3ccc([N+](=O)[O-])cc3)n2C2(c3ccc(OC)c(C)c3C)N=C(c3ccc([N+](=O)[O-])cc3)C(c3ccc([N+](=O)[O-])cc3)=N2)c(C)c1C
-1.7027973154219427,-0.3172398904118647,0.688544759,COc1ccc(-c2nc(-c3ccccc3)c(-c3ccccc3)n2C2(c3ccc(OC)c(C)c3OC)N=C(c3ccccc3)C(c3ccccc3)=N2)c(OC)c1C
-2.11492592252587,-0.5502223348903029,0.57947779,COc1ccc(-c2nc(-c3ccc(C)cc3)c(-c3ccc(C)cc3)n2C2(c3ccc(OC)c(C)c3OC)N=C(c3ccc(C)cc3)C(c3ccc(C)cc3)=N2)c(OC)c1C
-2.566140950578862,-0.7784455707367989,0.354545737,COc1ccc(C2=NC(c3ccc(OC)c(C)c3OC)(n3c(-c4ccc(OC)c(C)c4OC)nc(-c4ccc(OC)cc4)c3-c3ccc(OC)cc3)N=C2c2ccc(OC)cc2)cc1
2.1568068720625453,0.27949530346874996,4.357168549,COc1ccc(-c2nc(-c3ccc([N+](=O)[O-])cc3)c(-c3ccc([N+](=O)[O-])cc3)n2C2(c3ccc(OC)c(C)c3OC)N=C(c3ccc([N+](=O)[O-])cc3)C(c3ccc([N+](=O)[O-])cc3)=N2)c(OC)c1C
0.1412819392289473,-1.7187907297615164,0.780899883,COc1ccc(-c2nc(-c3ccccc3)c(-c3ccccc3)n2C2(c3ccc(OC)c(C)c3[N+](=O)[O-])N=C(c3ccccc3)C(c3ccccc3)=N2)c([N+](=O)[O-])c1C
-0.2708466678749795,-1.951773174239954,0.206277809,COc1ccc(-c2nc(-c3ccc(C)cc3)c(-c3ccc(C)cc3)n2C2(c3ccc(OC)c(C)c3[N+](=O)[O-])N=C(c3ccc(C)cc3)C(c3ccc(C)cc3)=N2)c([N+](=O)[O-])c1C
-0.7220616959279721,-2.17999641008645,0.713491492,COc1ccc(C2=NC(c3ccc(OC)c(C)c3[N+](=O)[O-])(n3c(-c4ccc(OC)c(C)c4[N+](=O)[O-])nc(-c4ccc(OC)cc4)c3-c3ccc(OC)cc3)N=C2c2ccc(OC)cc2)cc1
2.8121517316712503,-0.6745598885838936,0.664758001,COc1ccc(-c2nc(-c3ccc([N+](=O)[O-])cc3)c(-c3ccc([N+](=O)[O-])cc3)n2C2(c3ccc(OC)c(C)c3[N+](=O)[O-])N=C(c3ccc([N+](=O)[O-])cc3)C(c3ccc([N+](=O)[O-])cc3)=N2)c([N+](=O)[O-])c1C
-1.8489297374194213,2.769112324557581,0.742725796,COc1ccc(-c2nc(-c3ccccc3)c(-c3ccccc3)n2C2(c3ccc(OC)c(OC)c3)N=C(c3ccccc3)C(c3ccccc3)=N2)cc1OC
-2.279061311514138,2.4974867852362914,0.76980934,COc1ccc(-c2nc(-c3ccc(C)cc3)c(-c3ccc(C)cc3)n2C2(c3ccc(OC)c(OC)c3)N=C(c3ccc(C)cc3)C(c3ccc(C)cc3)=N2)cc1OC
-2.730276339567131,2.269263549389796,0.525085976,COc1ccc(C2=NC(c3ccc(OC)c(OC)c3)(n3c(-c4ccc(OC)c(OC)c4)nc(-c4ccc(OC)cc4)c3-c3ccc(OC)cc3)N=C2c2ccc(OC)cc2)cc1
1.9926714830742767,3.3272044235953446,3.312820767,COc1ccc(-c2nc(-c3ccc([N+](=O)[O-])cc3)c(-c3ccc([N+](=O)[O-])cc3)n2C2(c3ccc(OC)c(OC)c3)N=C(c3ccc([N+](=O)[O-])cc3)C(c3ccc([N+](=O)[O-])cc3)=N2)cc1OC
-1.602354092911164,-0.41303376812927534,0.580314302,COc1ccc(-c2nc(-c3ccccc3)c(-c3ccccc3)n2C2(c3ccc(OC)c(OC)c3C)N=C(c3ccccc3)C(c3ccccc3)=N2)c(C)c1OC
-2.0144827000150896,-0.6460162126077137,0.366620621,COc1ccc(-c2nc(-c3ccc(C)cc3)c(-c3ccc(C)cc3)n2C2(c3ccc(OC)c(OC)c3C)N=C(c3ccc(C)cc3)C(c3ccc(C)cc3)=N2)c(C)c1OC
-2.465697728068083,-0.8742394484542089,0.130135045,COc1ccc(C2=NC(c3ccc(OC)c(OC)c3C)(n3c(-c4ccc(OC)c(OC)c4C)nc(-c4ccc(OC)cc4)c3-c3ccc(OC)cc3)N=C2c2ccc(OC)cc2)cc1
2.257250094573324,0.18370142575133983,3.321009133,COc1ccc(-c2nc(-c3ccc([N+](=O)[O-])cc3)c(-c3ccc([N+](=O)[O-])cc3)n2C2(c3ccc(OC)c(OC)c3C)N=C(c3ccc([N+](=O)[O-])cc3)C(c3ccc([N+](=O)[O-])cc3)=N2)c(C)c1OC
-1.6264921588551913,-0.2946185934874361,1.720810853,COc1ccc(-c2nc(-c3ccccc3)c(-c3ccccc3)n2C2(c3ccc(OC)c(OC)c3OC)N=C(c3ccccc3)C(c3ccccc3)=N2)c(OC)c1OC
-2.038620765959118,-0.5276010379658742,1.512341471,COc1ccc(-c2nc(-c3ccc(C)cc3)c(-c3ccc(C)cc3)n2C2(c3ccc(OC)c(OC)c3OC)N=C(c3ccc(C)cc3)C(c3ccc(C)cc3)=N2)c(OC)c1OC
-2.4898357940121114,-0.7558242738123702,0.998385319,COc1ccc(C2=NC(c3ccc(OC)c(OC)c3OC)(n3c(-c4ccc(OC)c(OC)c4OC)nc(-c4ccc(OC)cc4)c3-c3ccc(OC)cc3)N=C2c2ccc(OC)cc2)cc1
2.2331120286292965,0.30211660039317895,3.751660339,COc1ccc(-c2nc(-c3ccc([N+](=O)[O-])cc3)c(-c3ccc([N+](=O)[O-])cc3)n2C2(c3ccc(OC)c(OC)c3OC)N=C(c3ccc([N+](=O)[O-])cc3)C(c3ccc([N+](=O)[O-])cc3)=N2)c(OC)c1OC
0.18651486972190306,-1.8655012755978104,0.149126889,COc1ccc(-c2nc(-c3ccccc3)c(-c3ccccc3)n2C2(c3ccc(OC)c(OC)c3[N+](=O)[O-])N=C(c3ccccc3)C(c3ccccc3)=N2)c([N+](=O)[O-])c1OC
-0.22561373738202403,-2.0984837200762483,0.539476019,COc1ccc(-c2nc(-c3ccc(C)cc3)c(-c3ccc(C)cc3)n2C2(c3ccc(OC)c(OC)c3[N+](=O)[O-])N=C(c3ccc(C)cc3)C(c3ccc(C)cc3)=N2)c([N+](=O)[O-])c1OC
-0.6768287654350164,-2.3267069559227442,0.525456058,COc1ccc(C2=NC(c3ccc(OC)c(OC)c3[N+](=O)[O-])(n3c(-c4ccc(OC)c(OC)c4[N+](=O)[O-])nc(-c4ccc(OC)cc4)c3-c3ccc(OC)cc3)N=C2c2ccc(OC)cc2)cc1
2.8573846621642063,-0.8212704344201878,1.029180238,COc1ccc(-c2nc(-c3ccc([N+](=O)[O-])cc3)c(-c3ccc([N+](=O)[O-])cc3)n2C2(c3ccc(OC)c(OC)c3[N+](=O)[O-])N=C(c3ccc([N+](=O)[O-])cc3)C(c3ccc([N+](=O)[O-])cc3)=N2)c([N+](=O)[O-])c1OC
-0.25417546349878445,1.9333502520138526,0.559254586,COc1ccc(-c2nc(-c3ccccc3)c(-c3ccccc3)n2C2(c3ccc(OC)c([N+](=O)[O-])c3)N=C(c3ccccc3)C(c3ccccc3)=N2)cc1[N+](=O)[O-]
-0.6843070375935021,1.6617247126925636,0.379266566,COc1ccc(-c2nc(-c3ccc(C)cc3)c(-c3ccc(C)cc3)n2C2(c3ccc(OC)c([N+](=O)[O-])c3)N=C(c3ccc(C)cc3)C(c3ccc(C)cc3)=N2)cc1[N+](=O)[O-]
-1.135522065646494,1.4335014768460663,0.392221858,COc1ccc(C2=NC(c3ccc(OC)c([N+](=O)[O-])c3)(n3c(-c4ccc(OC)c([N+](=O)[O-])c4)nc(-c4ccc(OC)cc4)c3-c3ccc(OC)cc3)N=C2c2ccc(OC)cc2)cc1
2.398691361952728,2.9389379983486235,0.547858178,COc1ccc(-c2nc(-c3ccc([N+](=O)[O-])cc3)c(-c3ccc([N+](=O)[O-])cc3)n2C2(c3ccc(OC)c([N+](=O)[O-])c3)N=C(c3ccc([N+](=O)[O-])cc3)C(c3ccc([N+](=O)[O-])cc3)=N2)cc1[N+](=O)[O-]
-0.026233444794534867,-1.0399637801918318,0.434179331,COc1ccc(-c2nc(-c3ccccc3)c(-c3ccccc3)n2C2(c3ccc(OC)c([N+](=O)[O-])c3C)N=C(c3ccccc3)C(c3ccccc3)=N2)c(C)c1[N+](=O)[O-]
-0.4383620518984618,-1.27294622467027,0.592085556,COc1ccc(-c2nc(-c3ccc(C)cc3)c(-c3ccc(C)cc3)n2C2(c3ccc(OC)c([N+](=O)[O-])c3C)N=C(c3ccc(C)cc3)C(c3ccc(C)cc3)=N2)c(C)c1[N+](=O)[O-]
-0.8895770799514535,-1.5011694605167663,1.745368034,COc1ccc(C2=NC(c3ccc(OC)c([N+](=O)[O-])c3C)(n3c(-c4ccc(OC)c([N+](=O)[O-])c4C)nc(-c4ccc(OC)cc4)c3-c3ccc(OC)cc3)N=C2c2ccc(OC)cc2)cc1
2.6446363476477686,0.004267060985790076,1.52317903,COc1ccc(-c2nc(-c3ccc([N+](=O)[O-])cc3)c(-c3ccc([N+](=O)[O-])cc3)n2C2(c3ccc(OC)c([N+](=O)[O-])c3C)N=C(c3ccc([N+](=O)[O-])cc3)C(c3ccc([N+](=O)[O-])cc3)=N2)c(C)c1[N+](=O)[O-]
-0.044593542572438784,-1.3488946853317123,1.842899674,COc1ccc(-c2nc(-c3ccccc3)c(-c3ccccc3)n2C2(c3ccc(OC)c([N+](=O)[O-])c3OC)N=C(c3ccccc3)C(c3ccccc3)=N2)c(OC)c1[N+](=O)[O-]
-0.45672214967636576,-1.58187712981015,2.748639362,COc1ccc(-c2nc(-c3ccc(C)cc3)c(-c3ccc(C)cc3)n2C2(c3ccc(OC)c([N+](=O)[O-])c3OC)N=C(c3ccc(C)cc3)C(c3ccc(C)cc3)=N2)c(OC)c1[N+](=O)[O-]
-0.9079371777293582,-1.8101003656566463,4.989033165,COc1ccc(C2=NC(c3ccc(OC)c([N+](=O)[O-])c3OC)(n3c(-c4ccc(OC)c([N+](=O)[O-])c4OC)nc(-c4ccc(OC)cc4)c3-c3ccc(OC)cc3)N=C2c2ccc(OC)cc2)cc1
2.626276249869865,-0.30466384415409054,0.331814495,COc1ccc(-c2nc(-c3ccc([N+](=O)[O-])cc3)c(-c3ccc([N+](=O)[O-])cc3)n2C2(c3ccc(OC)c([N+](=O)[O-])c3OC)N=C(c3ccc([N+](=O)[O-])cc3)C(c3ccc([N+](=O)[O-])cc3)=N2)c(OC)c1[N+](=O)[O-]
0.4524813830404036,-1.9125755895888779,0.699220284,COc1ccc(-c2nc(-c3ccccc3)c(-c3ccccc3)n2C2(c3ccc(OC)c([N+](=O)[O-])c3[N+](=O)[O-])N=C(c3ccccc3)C(c3ccccc3)=N2)c([N+](=O)[O-])c1[N+](=O)[O-]
0.04035277593647661,-2.1455580340673164,0.991955637,COc1ccc(-c2nc(-c3ccc(C)cc3)c(-c3ccc(C)cc3)n2C2(c3ccc(OC)c([N+](=O)[O-])c3[N+](=O)[O-])N=C(c3ccc(C)cc3)C(c3ccc(C)cc3)=N2)c([N+](=O)[O-])c1[N+](=O)[O-]
-0.4108622521165157,-2.3737812699138128,1.580020054,COc1ccc(C2=NC(c3ccc(OC)c([N+](=O)[O-])c3[N+](=O)[O-])(n3c(-c4ccc(OC)c([N+](=O)[O-])c4[N+](=O)[O-])nc(-c4ccc(OC)cc4)c3-c3ccc(OC)cc3)N=C2c2ccc(OC)cc2)cc1
3.123351175482707,-0.8683447484112561,1.155315783,COc1ccc(-c2nc(-c3ccc([N+](=O)[O-])cc3)c(-c3ccc([N+](=O)[O-])cc3)n2C2(c3ccc(OC)c([N+](=O)[O-])c3[N+](=O)[O-])N=C(c3ccc([N+](=O)[O-])cc3)C(c3ccc([N+](=O)[O-])cc3)=N2)c([N+](=O)[O-])c1[N+](=O)[O-]
0.9613772682976138,2.0515609005025883,0.563902035,O=[N+]([O-])c1ccc(-c2nc(-c3ccccc3)c(-c3ccccc3)n2C2(c3ccc([N+](=O)[O-])cc3)N=C(c3ccccc3)C(c3ccccc3)=N2)cc1
0.492999371569168,1.7560127236631604,0.837815654,Cc1ccc(C2=NC(c3ccc([N+](=O)[O-])cc3)(n3c(-c4ccc([N+](=O)[O-])cc4)nc(-c4ccc(C)cc4)c3-c3ccc(C)cc3)N=C2c2ccc(C)cc2)cc1
-0.22386029215412334,1.3864663618956579,1.380600785,COc1ccc(C2=NC(c3ccc([N+](=O)[O-])cc3)(n3c(-c4ccc([N+](=O)[O-])cc4)nc(-c4ccc(OC)cc4)c3-c3ccc(OC)cc3)N=C2c2ccc(OC)cc2)cc1
2.8368012426539946,2.7223455822842717,0.147351413,O=[N+]([O-])c1ccc(C2=NC(c3ccc([N+](=O)[O-])cc3)(n3c(-c4ccc([N+](=O)[O-])cc4)nc(-c4ccc([N+](=O)[O-])cc4)c3-c3ccc([N+](=O)[O-])cc3)N=C2c2ccc([N+](=O)[O-])cc2)cc1
0.9281884250710266,0.02401810643646533,0.621028567,Cc1cc([N+](=O)[O-])ccc1-c1nc(-c2ccccc2)c(-c2ccccc2)n1C1(c2ccc([N+](=O)[O-])cc2C)N=C(c2ccccc2)C(c2ccccc2)=N1
0.5160598179670998,-0.2089643380419729,0.871832586,Cc1ccc(C2=NC(c3ccc([N+](=O)[O-])cc3C)(n3c(-c4ccc([N+](=O)[O-])cc4C)nc(-c4ccc(C)cc4)c3-c3ccc(C)cc3)N=C2c2ccc(C)cc2)cc1
-0.2007998457561926,-0.5785106998094749,1.612071324,COc1ccc(C2=NC(c3ccc([N+](=O)[O-])cc3C)(n3c(-c4ccc([N+](=O)[O-])cc4C)nc(-c4ccc(OC)cc4)c3-c3ccc(OC)cc3)N=C2c2ccc(OC)cc2)cc1
3.003007145018218,0.8082669730405054,0.397716469,Cc1cc([N+](=O)[O-])ccc1-c1nc(-c2ccc([N+](=O)[O-])cc2)c(-c2ccc([N+](=O)[O-])cc2)n1C1(c2ccc([N+](=O)[O-])cc2C)N=C(c2ccc([N+](=O)[O-])cc2)C(c2ccc([N+](=O)[O-])cc2)=N1
0.5561929290476857,-0.06922025810152055,0.434179331,COc1cc([N+](=O)[O-])ccc1-c1nc(-c2ccccc2)c(-c2ccccc2)n1C1(c2ccc([N+](=O)[O-])cc2OC)N=C(c2ccccc2)C(c2ccccc2)=N1
0.14406432194375904,-0.30220270257995874,0.592085556,COc1cc([N+](=O)[O-])ccc1-c1nc(-c2ccc(C)cc2)c(-c2ccc(C)cc2)n1C1(c2ccc([N+](=O)[O-])cc2OC)N=C(c2ccc(C)cc2)C(c2ccc(C)cc2)=N1
-0.3071507061092335,-0.5304259384264547,1.745368034,COc1ccc(C2=NC(c3ccc([N+](=O)[O-])cc3OC)(n3c(-c4ccc([N+](=O)[O-])cc4OC)nc(-c4ccc(OC)cc4)c3-c3ccc(OC)cc3)N=C2c2ccc(OC)cc2)cc1
2.6310116489948774,0.7150286085025197,1.325388601,COc1cc([N+](=O)[O-])ccc1-c1nc(-c2ccc([N+](=O)[O-])cc2)c(-c2ccc([N+](=O)[O-])cc2)n1C1(c2ccc([N+](=O)[O-])cc2OC)N=C(c2ccc([N+](=O)[O-])cc2)C(c2ccc([N+](=O)[O-])cc2)=N1
1.537638500128294,-0.7391135975784237,1.842899674,O=[N+]([O-])c1ccc(-c2nc(-c3ccccc3)c(-c3ccccc3)n2C2(c3ccc([N+](=O)[O-])cc3[N+](=O)[O-])N=C(c3ccccc3)C(c3ccccc3)=N2)c([N+](=O)[O-])c1
1.0872635703906388,-0.9960186795750005,2.748639362,Cc1ccc(C2=NC(c3ccc([N+](=O)[O-])cc3[N+](=O)[O-])(n3c(-c4ccc([N+](=O)[O-])cc4[N+](=O)[O-])nc(-c4ccc(C)cc4)c3-c3ccc(C)cc3)N=C2c2ccc(C)cc2)cc1
0.3704039066673467,-1.3655650413425031,4.989033165,COc1ccc(C2=NC(c3ccc([N+](=O)[O-])cc3[N+](=O)[O-])(n3c(-c4ccc([N+](=O)[O-])cc4[N+](=O)[O-])nc(-c4ccc(OC)cc4)c3-c3ccc(OC)cc3)N=C2c2ccc(OC)cc2)cc1
3.612457220075486,0.04513526902561611,0.332929684,O=[N+]([O-])c1ccc(C2=NC(c3ccc([N+](=O)[O-])cc3[N+](=O)[O-])(n3c(-c4ccc([N+](=O)[O-])cc4[N+](=O)[O-])nc(-c4ccc([N+](=O)[O-])cc4)c3-c3ccc([N+](=O)[O-])cc3)N=C2c2ccc([N+](=O)[O-])cc2)cc1
0.19664032344200078,2.129466269837523,0.699595432,Cc1cc(-c2nc(-c3ccccc3)c(-c3ccccc3)n2C2(c3ccc([N+](=O)[O-])c(C)c3)N=C(c3ccccc3)C(c3ccccc3)=N2)ccc1[N+](=O)[O-]
-0.23349125065271656,1.8578407305162326,0.991955637,Cc1ccc(C2=NC(c3ccc([N+](=O)[O-])c(C)c3)(n3c(-c4ccc([N+](=O)[O-])c(C)c4)nc(-c4ccc(C)cc4)c3-c3ccc(C)cc3)N=C2c2ccc(C)cc2)cc1
-0.9503509143760088,1.48829436874873,1.087705767,COc1ccc(C2=NC(c3ccc([N+](=O)[O-])c(C)c3)(n3c(-c4ccc([N+](=O)[O-])c(C)c4)nc(-c4ccc(OC)cc4)c3-c3ccc(OC)cc3)N=C2c2ccc(OC)cc2)cc1
2.8495071488935144,3.1350540161722935,1.155315783,Cc1cc(-c2nc(-c3ccc([N+](=O)[O-])cc3)c(-c3ccc([N+](=O)[O-])cc3)n2C2(c3ccc([N+](=O)[O-])c(C)c3)N=C(c3ccc([N+](=O)[O-])cc3)C(c3ccc([N+](=O)[O-])cc3)=N2)ccc1[N+](=O)[O-]
0.5039601182311879,-0.9163879104663613,0.621774045,Cc1c(-c2nc(-c3ccccc3)c(-c3ccccc3)n2C2(c3ccc([N+](=O)[O-])c(C)c3C)N=C(c3ccccc3)C(c3ccccc3)=N2)ccc([N+](=O)[O-])c1C
0.09183151112726086,-1.1493703549448,0.837815654,Cc1ccc(C2=NC(c3ccc([N+](=O)[O-])c(C)c3C)(n3c(-c4ccc([N+](=O)[O-])c(C)c4C)nc(-c4ccc(C)cc4)c3-c3ccc(C)cc3)N=C2c2ccc(C)cc2)cc1
-0.6250281525960315,-1.5189167167123014,1.380600785,COc1ccc(C2=NC(c3ccc([N+](=O)[O-])c(C)c3C)(n3c(-c4ccc([N+](=O)[O-])c(C)c4C)nc(-c4ccc(OC)cc4)c3-c3ccc(OC)cc3)N=C2c2ccc(OC)cc2)cc1
3.174829910673491,0.1278429307112613,0.146989176,Cc1c(-c2nc(-c3ccc([N+](=O)[O-])cc3)c(-c3ccc([N+](=O)[O-])cc3)n2C2(c3ccc([N+](=O)[O-])c(C)c3C)N=C(c3ccc([N+](=O)[O-])cc3)C(c3ccc([N+](=O)[O-])cc3)=N2)ccc([N+](=O)[O-])c1C
0.1837287729452608,-1.2231616800398304,0.621028567,COc1c(-c2nc(-c3ccccc3)c(-c3ccccc3)n2C2(c3ccc([N+](=O)[O-])c(C)c3OC)N=C(c3ccccc3)C(c3ccccc3)=N2)ccc([N+](=O)[O-])c1C
-0.228399834158666,-1.4561441245182687,0.87228841,COc1c(-c2nc(-c3ccc(C)cc3)c(-c3ccc(C)cc3)n2C2(c3ccc([N+](=O)[O-])c(C)c3OC)N=C(c3ccc(C)cc3)C(c3ccc(C)cc3)=N2)ccc([N+](=O)[O-])c1C
-0.6796148622116586,-1.6843673603647642,1.637436345,COc1ccc(C2=NC(c3ccc([N+](=O)[O-])c(C)c3OC)(n3c(-c4ccc([N+](=O)[O-])c(C)c4OC)nc(-c4ccc(OC)cc4)c3-c3ccc(OC)cc3)N=C2c2ccc(OC)cc2)cc1
2.854598565387564,-0.17893083886220826,1.25041081,COc1c(-c2nc(-c3ccc([N+](=O)[O-])cc3)c(-c3ccc([N+](=O)[O-])cc3)n2C2(c3ccc([N+](=O)[O-])c(C)c3OC)N=C(c3ccc([N+](=O)[O-])cc3)C(c3ccc([N+](=O)[O-])cc3)=N2)ccc([N+](=O)[O-])c1C
1.1007899203972358,-2.034781145569044,4.059826653,Cc1c([N+](=O)[O-])ccc(-c2nc(-c3ccccc3)c(-c3ccccc3)n2C2(c3ccc([N+](=O)[O-])c(C)c3[N+](=O)[O-])N=C(c3ccccc3)C(c3ccccc3)=N2)c1[N+](=O)[O-]
0.6886613132933086,-2.267763590047482,2.768850503,Cc1ccc(C2=NC(c3ccc([N+](=O)[O-])c(C)c3[N+](=O)[O-])(n3c(-c4ccc([N+](=O)[O-])c(C)c4[N+](=O)[O-])nc(-c4ccc(C)cc4)c3-c3ccc(C)cc3)N=C2c2ccc(C)cc2)cc1
-0.028198350429983397,-2.637309951814983,2.835056851,COc1ccc(C2=NC(c3ccc([N+](=O)[O-])c(C)c3[N+](=O)[O-])(n3c(-c4ccc([N+](=O)[O-])c(C)c4[N+](=O)[O-])nc(-c4ccc(OC)cc4)c3-c3ccc(OC)cc3)N=C2c2ccc(OC)cc2)cc1
3.771659712839538,-0.9905503043914209,1.873924621,Cc1c([N+](=O)[O-])ccc(-c2nc(-c3ccc([N+](=O)[O-])cc3)c(-c3ccc([N+](=O)[O-])cc3)n2C2(c3ccc([N+](=O)[O-])c(C)c3[N+](=O)[O-])N=C(c3ccc([N+](=O)[O-])cc3)C(c3ccc([N+](=O)[O-])cc3)=N2)c1[N+](=O)[O-]
-0.05695692068592899,1.9064506632927853,1.226550533,COc1cc(-c2nc(-c3ccccc3)c(-c3ccccc3)n2C2(c3ccc([N+](=O)[O-])c(OC)c3)N=C(c3ccccc3)C(c3ccccc3)=N2)ccc1[N+](=O)[O-]
-0.4870884947806461,1.6348251239714968,1.685425244,COc1cc(-c2nc(-c3ccc(C)cc3)c(-c3ccc(C)cc3)n2C2(c3ccc([N+](=O)[O-])c(OC)c3)N=C(c3ccc(C)cc3)C(c3ccc(C)cc3)=N2)ccc1[N+](=O)[O-]
-0.9383035228336385,1.4066018881249993,1.094732942,COc1ccc(C2=NC(c3ccc([N+](=O)[O-])c(OC)c3)(n3c(-c4ccc([N+](=O)[O-])c(OC)c4)nc(-c4ccc(OC)cc4)c3-c3ccc(OC)cc3)N=C2c2ccc(OC)cc2)cc1
2.595909904765584,2.912038409627557,1.346805808,COc1cc(-c2nc(-c3ccc([N+](=O)[O-])cc3)c(-c3ccc([N+](=O)[O-])cc3)n2C2(c3ccc([N+](=O)[O-])c(OC)c3)N=C(c3ccc([N+](=O)[O-])cc3)C(c3ccc([N+](=O)[O-])cc3)=N2)ccc1[N+](=O)[O-]
0.2782424492717842,-1.3186049220254832,0.4574148,COc1c([N+](=O)[O-])ccc(-c2nc(-c3ccccc3)c(-c3ccccc3)n2C2(c3ccc([N+](=O)[O-])c(OC)c3C)N=C(c3ccccc3)C(c3ccccc3)=N2)c1C
-0.13388615783214244,-1.5515873665039215,0.537599121,COc1c([N+](=O)[O-])ccc(-c2nc(-c3ccc(C)cc3)c(-c3ccc(C)cc3)n2C2(c3ccc([N+](=O)[O-])c(OC)c3C)N=C(c3ccc(C)cc3)C(c3ccc(C)cc3)=N2)c1C
-0.5851011858851348,-1.779810602350417,1.349315561,COc1ccc(C2=NC(c3ccc([N+](=O)[O-])c(OC)c3C)(n3c(-c4ccc([N+](=O)[O-])c(OC)c4C)nc(-c4ccc(OC)cc4)c3-c3ccc(OC)cc3)N=C2c2ccc(OC)cc2)cc1
2.9491122417140865,-0.2743740808478611,0.367040404,COc1c([N+](=O)[O-])ccc(-c2nc(-c3ccc([N+](=O)[O-])cc3)c(-c3ccc([N+](=O)[O-])cc3)n2C2(c3ccc([N+](=O)[O-])c(OC)c3C)N=C(c3ccc([N+](=O)[O-])cc3)C(c3ccc([N+](=O)[O-])cc3)=N2)c1C
0.25410438332434815,-1.2001897473857441,0.606562176,COc1c(-c2nc(-c3ccccc3)c(-c3ccccc3)n2C2(c3ccc([N+](=O)[O-])c(OC)c3OC)N=C(c3ccccc3)C(c3ccccc3)=N2)ccc([N+](=O)[O-])c1OC
-0.15802422377957845,-1.4331721918641824,0.050795222,COc1c(-c2nc(-c3ccc(C)cc3)c(-c3ccc(C)cc3)n2C2(c3ccc([N+](=O)[O-])c(OC)c3OC)N=C(c3ccc(C)cc3)C(c3ccc(C)cc3)=N2)ccc([N+](=O)[O-])c1OC
-0.6092392518325712,-1.6613954277106784,0.816698473,COc1ccc(C2=NC(c3ccc([N+](=O)[O-])c(OC)c3OC)(n3c(-c4ccc([N+](=O)[O-])c(OC)c4OC)nc(-c4ccc(OC)cc4)c3-c3ccc(OC)cc3)N=C2c2ccc(OC)cc2)cc1
2.9249741757666516,-0.15595890620812217,1.656306483,COc1c(-c2nc(-c3ccc([N+](=O)[O-])cc3)c(-c3ccc([N+](=O)[O-])cc3)n2C2(c3ccc([N+](=O)[O-])c(OC)c3OC)N=C(c3ccc([N+](=O)[O-])cc3)C(c3ccc([N+](=O)[O-])cc3)=N2)ccc([N+](=O)[O-])c1OC
0.8724954119347164,-2.3222400501898868,0.860338196,COc1c([N+](=O)[O-])ccc(-c2nc(-c3ccccc3)c(-c3ccccc3)n2C2(c3ccc([N+](=O)[O-])c(OC)c3[N+](=O)[O-])N=C(c3ccccc3)C(c3ccccc3)=N2)c1[N+](=O)[O-]
0.46036680483078984,-2.555222494668325,1.458280278,COc1c([N+](=O)[O-])ccc(-c2nc(-c3ccc(C)cc3)c(-c3ccc(C)cc3)n2C2(c3ccc([N+](=O)[O-])c(OC)c3[N+](=O)[O-])N=C(c3ccc(C)cc3)C(c3ccc(C)cc3)=N2)c1[N+](=O)[O-]
0.009151776777796891,-2.7834457305148215,2.829681181,COc1ccc(C2=NC(c3ccc([N+](=O)[O-])c(OC)c3[N+](=O)[O-])(n3c(-c4ccc([N+](=O)[O-])c(OC)c4[N+](=O)[O-])nc(-c4ccc(OC)cc4)c3-c3ccc(OC)cc3)N=C2c2ccc(OC)cc2)cc1
3.54336520437702,-1.278009209012265,0.455695956,COc1c([N+](=O)[O-])ccc(-c2nc(-c3ccc([N+](=O)[O-])cc3)c(-c3ccc([N+](=O)[O-])cc3)n2C2(c3ccc([N+](=O)[O-])c(OC)c3[N+](=O)[O-])N=C(c3ccc([N+](=O)[O-])cc3)C(c3ccc([N+](=O)[O-])cc3)=N2)c1[N+](=O)[O-]
0.584467746376134,1.7808152454850843,4.059826653,O=[N+]([O-])c1ccc(-c2nc(-c3ccccc3)c(-c3ccccc3)n2C2(c3ccc([N+](=O)[O-])c([N+](=O)[O-])c3)N=C(c3ccccc3)C(c3ccccc3)=N2)cc1[N+](=O)[O-]
0.11608984964768916,1.4852670686456566,2.768850503,Cc1ccc(C2=NC(c3ccc([N+](=O)[O-])c([N+](=O)[O-])c3)(n3c(-c4ccc([N+](=O)[O-])c([N+](=O)[O-])c4)nc(-c4ccc(C)cc4)c3-c3ccc(C)cc3)N=C2c2ccc(C)cc2)cc1
-0.6007698140756031,1.1157207068781532,2.716876925,COc1ccc(C2=NC(c3ccc([N+](=O)[O-])c([N+](=O)[O-])c3)(n3c(-c4ccc([N+](=O)[O-])c([N+](=O)[O-])c4)nc(-c4ccc(OC)cc4)c3-c3ccc(OC)cc3)N=C2c2ccc(OC)cc2)cc1
3.237334571827647,2.7864029918198554,1.873924621,O=[N+]([O-])c1ccc(C2=NC(c3ccc([N+](=O)[O-])c([N+](=O)[O-])c3)(n3c(-c4ccc([N+](=O)[O-])c([N+](=O)[O-])c4)nc(-c4ccc([N+](=O)[O-])cc4)c3-c3ccc([N+](=O)[O-])cc3)N=C2c2ccc([N+](=O)[O-])cc2)cc1
0.9263222339531664,-1.3852445223847951,1.226550533,Cc1c(-c2nc(-c3ccccc3)c(-c3ccccc3)n2C2(c3ccc([N+](=O)[O-])c([N+](=O)[O-])c3C)N=C(c3ccccc3)C(c3ccccc3)=N2)ccc([N+](=O)[O-])c1[N+](=O)[O-]
0.5141936268492395,-1.618226966863234,1.684204188,Cc1ccc(C2=NC(c3ccc([N+](=O)[O-])c([N+](=O)[O-])c3C)(n3c(-c4ccc([N+](=O)[O-])c([N+](=O)[O-])c4C)nc(-c4ccc(C)cc4)c3-c3ccc(C)cc3)N=C2c2ccc(C)cc2)cc1
-0.20266603687405324,-1.9877733286307355,3.139969616,COc1ccc(C2=NC(c3ccc([N+](=O)[O-])c([N+](=O)[O-])c3C)(n3c(-c4ccc([N+](=O)[O-])c([N+](=O)[O-])c4C)nc(-c4ccc(OC)cc4)c3-c3ccc(OC)cc3)N=C2c2ccc(OC)cc2)cc1
3.597192026395469,-0.34101368120717335,0.226543883,Cc1c(-c2nc(-c3ccc([N+](=O)[O-])cc3)c(-c3ccc([N+](=O)[O-])cc3)n2C2(c3ccc([N+](=O)[O-])c([N+](=O)[O-])c3C)N=C(c3ccc([N+](=O)[O-])cc3)C(c3ccc([N+](=O)[O-])cc3)=N2)ccc([N+](=O)[O-])c1[N+](=O)[O-]
0.6403642434139171,-1.8352744221019934,0.989809331,COc1c(-c2nc(-c3ccccc3)c(-c3ccccc3)n2C2(c3ccc([N+](=O)[O-])c([N+](=O)[O-])c3OC)N=C(c3ccccc3)C(c3ccccc3)=N2)ccc([N+](=O)[O-])c1[N+](=O)[O-]
0.22823563630999,-2.0682568665804317,1.270196588,COc1c(-c2nc(-c3ccc(C)cc3)c(-c3ccc(C)cc3)n2C2(c3ccc([N+](=O)[O-])c([N+](=O)[O-])c3OC)N=C(c3ccc(C)cc3)C(c3ccc(C)cc3)=N2)ccc([N+](=O)[O-])c1[N+](=O)[O-]
-0.2229793917430029,-2.2964801024269272,4.050086279,COc1ccc(C2=NC(c3ccc([N+](=O)[O-])c([N+](=O)[O-])c3OC)(n3c(-c4ccc([N+](=O)[O-])c([N+](=O)[O-])c4OC)nc(-c4ccc(OC)cc4)c3-c3ccc(OC)cc3)N=C2c2ccc(OC)cc2)cc1
3.3112340358562204,-0.7910435809243718,1.210676412,COc1c(-c2nc(-c3ccc([N+](=O)[O-])cc3)c(-c3ccc([N+](=O)[O-])cc3)n2C2(c3ccc([N+](=O)[O-])c([N+](=O)[O-])c3OC)N=C(c3ccc([N+](=O)[O-])cc3)C(c3ccc([N+](=O)[O-])cc3)=N2)ccc([N+](=O)[O-])c1[N+](=O)[O-]
1.4437589370816417,-2.2342913044837327,3.166895201,O=[N+]([O-])c1ccc(-c2nc(-c3ccccc3)c(-c3ccccc3)n2C2(c3ccc([N+](=O)[O-])c([N+](=O)[O-])c3[N+](=O)[O-])N=C(c3ccccc3)C(c3ccccc3)=N2)c([N+](=O)[O-])c1[N+](=O)[O-]
0.9933840073439871,-2.4911963864803086,4.193488649,Cc1ccc(C2=NC(c3ccc([N+](=O)[O-])c([N+](=O)[O-])c3[N+](=O)[O-])(n3c(-c4ccc([N+](=O)[O-])c([N+](=O)[O-])c4[N+](=O)[O-])nc(-c4ccc(C)cc4)c3-c3ccc(C)cc3)N=C2c2ccc(C)cc2)cc1
0.2765243436206947,-2.860742748247811,6.491533057,COc1ccc(C2=NC(c3ccc([N+](=O)[O-])c([N+](=O)[O-])c3[N+](=O)[O-])(n3c(-c4ccc([N+](=O)[O-])c([N+](=O)[O-])c4[N+](=O)[O-])nc(-c4ccc(OC)cc4)c3-c3ccc(OC)cc3)N=C2c2ccc(OC)cc2)cc1
4.114628729523946,-1.1900604633061105,1.104090836,O=[N+]([O-])c1ccc(C2=NC(c3ccc([N+](=O)[O-])c([N+](=O)[O-])c3[N+](=O)[O-])(n3c(-c4ccc([N+](=O)[O-])c([N+](=O)[O-])c4[N+](=O)[O-])nc(-c4ccc([N+](=O)[O-])cc4)c3-c3ccc([N+](=O)[O-])cc3)N=C2c2ccc([N+](=O)[O-])cc2)cc1
